{
  "model": "efficientnet_b0",
  "loss": 0.033848121762275696,
  "accuracy": 0.8409090638160706,
  "auc": 0.8912615776062012,
  "precision": 0.8409090638160706,
  "recall": 1.0,
  "timestamp": "2025-12-21T14:09:56.766321",
  "f1_score": 0.9135802309245273
}